South African,French,Nigerian,Ghanian,Cameroonian,Jamaican,Canadian,Swedish,Italy,Japan,Mexico,Indian,Thailand,Spanish,English
Beef Stew,Clams,Jollof Rice & Turkeys,Kenkey and Fish,Poulet DG,Ackee and Saltfish,Poutine, Köttbullar (Swedish Meatballs),,,,,,,
BBQ,Butter Fried Fish,Pounded Yam & Egusi,Waakye,Achu and Yellow Soup,Jerk Chicken,Nanaimo Bars,Gravlax,,,,,,,
Rice,Fries,White Rice/Ofada Stew,Fufu and Light Soup,Ndolé,Curried Goat,Pea Soup,Jansson’s Temptation,,,,,,,
Cream Spinach,Green Salad,Beans & Plantain,Banku and Tilapia,Soya,Festival,Montreal-Style Smoked Meat,Semla,,,,,,,
Garlic Bread,Seafood Stew,Banga Soup & Starch,Tuo Zaafi (TZ,Eru:,Oxtail Stew,BeaverTails,Raggmunk,,,,,,,